"reward_id","contributor_name","reward_name","comment","star_rating","user_id","automation_name","project_name"
"102","Prabin Kumar","Pat On Back FY 16-17 Q4	"," hello good ","3","51","Automation of Qlik View Dashboard Refresh.","Industrial BI Development"
"101","Sai Kumar","Pat On Back FY 16-17 Q4","good","2","51","Replication Efficiency Automated Evaluation.","CS ICAM DWH 2012"
"103","Rajeeb Kumar","Pat On Back FY 16-17 Q4","good","4","50","Replication Efficiency Automated Evaluation.","Upload of Daily Financial Extract Files to Support central."
"100","Rakesh Kumar","Pat On Back FY 16-17 Q4","rtyrtyrty","Not Rated","51","Reporting Extracts Failure Reporting.","CS ICAM DWH 2012"
"300","TECHM@123","\N","fgffggffg","5","50","ggggg","fffff"
"350","Sai Kumar","\N","insert data new record rating 5","5","50","Upload of Daily Financial Extract Files to Support central.","EM Support"
"351","Rahul Kumar","\N"," okkk","2","50","API integrator","PS Backlog Job & Pacing Reports"
"301","Rakesh Kumar","\N","updated with rating 3","4","50","Reporting Extracts Failure Reporting.","CS ICAM DWH 2012"
