"emp_id","address","business_unit","city","company","country","display_name","email","first_name","job_title","last_name","location","mobile","parent_business","role","site_type","state","work_phone","zip_code","reward_name","star_rating"
"258328","S1-Maitree Vihar","DIG TECH-Aviation","Bhubaneswar","Tech Mahindra","India","Baikuntha Dash","Baikuntha.Dash@TechMahindra.com","Baikuntha","Architect","Dash","India","91-6743912753","Digital Technology","Informatica COE Lead","Offshore","Odisha","91-6743912753","751009","Pat On Back FY 16-17 Q4","1"
"308892","S1-Maitree Vihar","DIG TECH-Aviation","Bhubaneswar","Tech Mahindra","India","Sisir Jena","Sisir.Jena@TechMahindra.com","Sisir","Architect","Jena","India","91-8342078049","Digital Technology","Informatica Architect","Offshore","Odisha","91-8342078049","751009","Pat On Back FY 16-17 Q4","1"
"250690","6380-6440 Aviation Way","DIG TECH-Aviation","West Chester","Tech Mahindra","US","Subhashish Bhaumik","Subhasish.Bhaumik@TechMahindra.com","Subhashish","Architect","Bhaumik","Cincinnati","001-15134426922","Digital Technology","Informatica Architect","Onsite","OH","001-15132432656","45069","Pat On Back FY 16-17 Q4","1"
"236545","S1-Maitree Vihar","DIG TECH-Aviation","Bhubaneswar","Tech Mahindra","India","Debashish Mitra","Debashish.Mitra@TechMahindra.com","Debashish","Architect","Mitra","India","91-9937441999","Digital Technology","Informatica Architect","Offshore","Odisha","91-6743912323","751009","Pat On Back FY 16-17 Q4","1"
"285782","S1-Maitree Vihar","DIG TECH-Aviation","Bhubaneswar","Tech Mahindra","India","Amit Dash","Amit.Dash@TechMahindra.com","Amit","App. Designer","Dash","India","91-8895339844","Digital Technology","App. Designer","Offshore","Odisha","91-6746774339","751009","Pat On Back FY 16-17 Q4","1"
"303811","S1-Maitree Vihar","DIG TECH-Aviation","Bhubaneswar","Tech Mahindra","India","Kamalesh Senapati","Kamalesh.Senapati@TechMahindra.com","Kamalesh","App. Designer","Senapati","India","91-6743912141","Digital Technology","App. Designer","Offshore","Odisha","91-6743912141","751009","Pat On Back FY 16-17 Q4","1"
"245751","3200 Windy Hill Road, The Towers at Wildwood","DIG TECH-Aviation","ATLANTA","Tech Mahindra","US","M. Prabhakaran","Prabhakaran.M@TechMahindra.com","Prabhakaran","Infa. Admin","M","Cincinnati","001-6788443871","Digital Technology","Infa. Admin","Onsite","GA","001-6788443871","30339","Pat On Back FY 16-17 Q4","1"
"331862","","DIG TECH-Aviation","","Tech Mahindra","US","K. Radhika","Radhika.Kathil@TechMahindra.com","Radhika","App. Designer","Kathil","Cincinnati","001-6477121550","Digital Technology","App. Designer","Onsite","","001-6477121550","","Pat On Back FY 16-17 Q4","1"
"241037","4424 West Sam Houston Parkway North","DIG TECH-Aviation","Houston","Tech Mahindra","US","Raghava Chakravarthula","Raghava.Chakravarthula@TechMahindra.com","Raghava","App. Designer","Chakravarthula","","001-4166595519","Digital Technology","App. Designer","Onsite","TX","001-6476605391","77041-8200","Pat On Back FY 16-17 Q4","1"
"286052","Westway Plaza-Clay Road Westway Park II","DIG TECH-Aviation","Houston","Tech Mahindra","US","Bimal Pattnaik","Bimal.Pattnaik@TechMahindra.com","Bimal","App. Designer","Pattnaik","","","Digital Technology","App. Designer","Onsite","TX","","77041","Pat On Back FY 16-17 Q4","1"
